Sample ID,PX,PY
s1,45.6049,499.0658
s2,45.6049,499.0658
s3,45.6049,499.0658
s4,45.6049,499.0658
s5,45.6049,499.0658
s6,45.6049,499.0658
s7,45.6049,499.0658
s8,60,480
s9,120,480
s10,180,480
s11,240,480
s12,300,480
s13,300,420
s14,240,420
s15,180,420
s16,180,420
s17,180,420
s18,180,420
s19,120,420
s20,60,420
s21,60,380
s22,120,380
s23,120,380
s24,120,380
s25,120,380
s26,180,380
s27,240,380
s28,300,380
s29,300,300
s30,240,300
s31,180,300
s32,180,300
s33,180,300
s34,180,300
s35,120,300
s36,60,300
s37,60,240
s38,120,240
s39,180,240
s40,240,240
s41,300,240
s42,300,180
s43,240,180
s44,180,180
s45,120,180
s46,60,180
s47,60,120
s48,120,120
s49,180,120
s50,240,120
s51,300,120
s52,300,60
s53,240,60
s54,180,60
s55,120,60
s56,60,60
s57,60,60
s58,60,60
s59,60,60
s60,60,60
s61,60,60
s62,60,60
s63,60,60
s64,60,60
s65,60,60
s66,120,60
s67,120,60
s68,120,60
s69,120,60
s70,120,60
s71,120,60
s72,120,60
s73,120,60
s74,120,60
s75,159,281
s76,160,281
s77,161,281
s78,159,280
s79,160,280
s80,159.95,280.05
s81,160.05,280.05
s82,159.95,279.95
s83,160.05,279.95
s84,161,280
s85,159,279
s86,160,279
s87,161,279
r1,259.55345,396.283153
r2,264.898099,66.3534594
r3,108.673488,384.334937
r4,239.30743,266.531324
r5,194.018925,249.588442
r6,164.583028,49.3354747
r7,216.781196,272.719117
r8,72.3199833,342.356993
r9,197.67815,139.000396
r10,209.215548,380.989466
r11,149.858026,217.019037
r12,212.58694,277.262431
r13,264.321339,103.71013
r14,101.302918,121.812823
r15,150.950277,110.048875
r16,265.603485,390.74602
r17,274.774343,86.6529277
r18,68.1969668,152.589445
r19,153.9993,375.362008
r20,174.479859,165.550351
r21,256.967533,404.378876
r22,73.2904403,56.5577638
r23,277.334015,182.725874
r24,267.200376,170.03036
r25,59.7850139,94.3705479
r26,163.410828,197.010484
r27,133.648832,235.285564
r28,257.377151,59.5754393
r29,147.272711,454.756804
r30,240.641022,421.549979
r31,217.022948,451.343862
r32,234.653234,111.59833
r33,133.145988,57.9484371
r34,204.440735,99.9895929
r35,40.9476013,191.443953
r36,239.899859,268.656631
r37,41.7601953,433.70658
r38,89.8381535,306.930524
r39,257.584338,243.593543
r40,186.826874,76.0764156
r41,131.094218,436.863539
r42,144.58518,185.619784
r43,48.9834479,195.125414
r44,273.649579,302.142472
r45,143.6203,345.510447
r46,269.818383,123.129806
r47,253.061177,287.260384
r48,193.594905,394.01681
r49,273.031986,459.739194
r50,188.52117,44.8040647
r51,120.022531,384.959377
r52,123.21958,126.362007
r53,135.636499,87.7980375
r54,228.326266,328.995979
r55,49.3447579,154.643754
r56,219.710893,385.731349
r57,202.546439,310.646489
r58,81.1034393,261.718958
r59,102.661111,52.0334066
r60,163.459104,160.611416
r61,202.145746,54.945082
r62,275.876128,417.104541
r63,222.290624,95.0069533
r64,175.957222,61.6065173
r65,243.925532,192.85754
r66,85.4737445,332.101929
r67,105.108788,414.769835
r68,238.758036,142.596002
r69,206.369157,204.625887
r70,97.7307375,300.465061
r71,50.317311,277.08873
r72,73.7149826,57.3886599
r73,91.9324996,239.182264
r74,155.055655,438.666198
r75,87.3784821,140.939165
r76,212.645401,324.819515
r77,41.8923373,423.641517
r78,130.117592,59.144241
r79,163.45785,97.2993951
r80,40.376933,82.1487779
r81,179.584961,212.054938
r82,77.89725,447.378095
r83,126.166793,192.873553
r84,194.951651,344.458594
r85,226.197607,335.12625
r86,175.275242,50.4221321
r87,96.0888157,437.319387
r88,61.5953239,264.066434
r89,60.5468956,332.44985
r90,113.252409,59.0081511
r91,200.182364,424.96
r92,40.0573352,53.7945728
r93,90.0567897,366.464841
r94,263.928191,260.979546
r95,262.15474,151.771191
r96,216.182632,252.073153
r97,119.937276,263.648008
r98,163.615199,76.4854994
r99,218.553915,424.552601
r100,188.598218,276.88347
r101,190.298883,64.876821
r102,92.1178476,322.544792
r103,91.9761546,303.475525
r104,133.346807,70.5992764
r105,266.189366,223.836123
r106,271.025923,309.447113
r107,217.565267,380.187185
r108,215.979017,204.536248
r109,168.58271,364.837579
r110,40.5455119,406.825953
r111,186.144989,299.691509
r112,240.832374,190.248357
r113,220.365415,431.547806
r114,148.655577,352.786304
r115,168.589599,66.6985565
r116,168.970407,85.4454732
r117,40.3314025,383.886714
r118,125.359829,373.092314
r119,186.911942,63.9849552
r120,238.946111,421.200659
r121,125.61328,343.088218
r122,138.55243,419.136938
r123,177.634216,264.999991
r124,181.522793,186.386521
r125,212.71775,389.983219
r126,134.793531,371.938176
r127,260.608943,263.191805
r128,271.01687,367.061968
r129,96.0456461,64.5107576
r130,213.879424,232.406379
r131,256.872286,49.3790369
r132,184.83378,350.753427
r133,191.561752,336.409576
r134,264.972604,42.3968014
r135,244.11586,237.716352
r136,179.157016,290.392476
r137,237.136942,159.277309
r138,67.2924662,63.192102
r139,223.481862,198.707202
r140,189.66723,262.69403
r141,75.6271856,145.410789
r142,59.263472,436.516327
r143,151.376692,223.745074
r144,227.048359,334.448059
r145,216.04671,113.856115
r146,236.135307,141.629426
r147,80.8389955,49.9469368
r148,266.732878,178.08384
r149,110.469722,213.498399
r150,75.7772926,85.6769134
r151,212.650862,397.861949
r152,117.780629,43.8051742
r153,226.91428,447.300682
r154,134.66584,377.951611
r155,202.862288,250.436682
r156,226.19801,432.355238
r157,85.0885706,236.497934
r158,46.9805965,254.610254
r159,72.5713113,389.533155
r160,203.239403,107.472831
r161,264.357509,258.97184
r162,172.11858,222.098033
r163,184.423897,179.363595
r164,87.2786772,228.169975
r165,168.456787,57.2902913
r166,83.0933774,142.212901
r167,148.452759,83.3312555
r168,116.092804,192.514998
r169,67.8819209,316.251654
r170,84.6645176,218.516656
r171,215.135223,70.32089
r172,138.849297,328.5993
r173,139.371924,398.170132
r174,155.274431,404.231372
r175,142.598672,77.414381
r176,72.7576864,45.4760076
r177,237.923058,217.767549
r178,182.153018,448.768549
r179,230.655275,249.608597
r180,224.567782,457.754094
r181,260.33354,247.850365
r182,247.031146,91.6749526
r183,116.074057,275.36202
r184,102.222538,140.502861
r185,218.143948,344.605222
r186,219.366668,370.131506
r187,260.296968,228.908392
r188,230.36589,237.013566
r189,71.9991084,208.78121
r190,109.059941,418.997715
r191,86.7222745,276.749132
r192,228.186252,330.218604
r193,70.9293188,179.55518
r194,70.981428,79.8429246
r195,57.3407467,433.919606
r196,52.751076,321.828007
r197,167.649865,46.2975185
r198,66.953978,87.5077827
r199,218.365053,396.07216
r200,215.515715,227.664166
r201,252.428245,208.789764
r202,164.106653,221.529965
r203,244.463436,318.713854
r204,146.271104,116.595117
r205,77.8912241,392.102279
r206,146.157913,425.29665
r207,272.25608,375.286447
r208,156.301103,251.283638
r209,100.590025,146.872989
r210,102.325595,320.243083
r211,170.083826,435.261737
r212,195.970201,451.919632
r213,120.740592,61.964855
r214,54.6279391,200.609899
r215,148.314604,378.594586
r216,241.301208,270.112834
r217,177.91296,167.875099
r218,124.804091,208.968027
r219,171.382259,51.5902303
r220,254.252463,396.577349
r221,157.597737,53.0341551
r222,81.1917072,313.962569
r223,170.327439,290.673264
r224,270.752247,171.296636
r225,115.284117,454.502242
r226,236.923492,388.149314
r227,113.693056,295.241531
r228,84.5088595,98.007307
r229,51.6032264,405.789408
r230,98.9617953,282.376852
r231,124.265661,375.65248
r232,78.1653716,51.8424066
r233,112.983519,147.670251
r234,44.2115979,357.842104
r235,279.172643,388.578288
r236,233.054395,259.959144
r237,60.7793444,307.933788
r238,248.783985,244.920354
r239,173.100607,284.372211
r240,141.130821,82.1554095
r241,56.2328366,393.477867
r242,174.74511,209.047427
r243,56.9732546,364.493938
r244,90.7340653,439.612297
r245,171.908899,151.496972
r246,155.675548,388.304949
r247,78.2727651,314.537659
r248,75.8989588,375.376334
r249,159.825491,118.183611
r250,265.735571,356.977181
r251,120.215518,349.086555
r252,85.2242391,355.750014
r253,104.731883,179.698083
r254,167.378579,64.1704222
r255,45.1480548,323.254488
r256,231.702474,57.4594727
r257,66.4804241,310.296473
r258,169.551589,165.833893
r259,177.096135,205.241054
r260,188.548371,427.87179
r261,211.564886,325.271473
r262,69.5921389,341.369449
r263,114.651909,341.197381
r264,266.977399,135.832265
r265,160.006022,211.685055
r266,72.4553198,279.867864
r267,248.621877,409.369063
r268,89.2119069,289.764771
r269,262.011014,425.620961
r270,252.820864,187.581165
r271,72.7109981,146.675131
r272,228.483866,339.92685
r273,148.792819,131.757605
r274,72.5781807,226.213574
r275,252.453049,332.409326
r276,120.81125,322.87174
r277,116.625788,115.826453
r278,136.907876,347.332974
r279,154.978554,177.156453
r280,128.296437,188.018328
r281,151.765736,371.377137
r282,51.9741167,193.105569
r283,84.9656108,158.927593
r284,275.838259,149.46023
r285,118.785777,51.3063061
r286,81.0391337,315.642932
r287,157.181175,353.647559
r288,44.4849788,305.081113
r289,121.47642,62.8976018
r290,47.1192101,261.459643
r291,248.134879,76.8644394
r292,215.609824,153.520762
r293,115.662591,40.5344618
r294,132.748963,336.736026
r295,119.787038,374.77375
r296,61.5467131,96.4030079
r297,221.693345,291.634801
r298,184.712439,190.869749
r299,74.8959934,324.787115
r300,47.804196,193.69063
r301,156.104354,376.372358
r302,146.696687,454.552716
r303,54.4925416,242.969495
r304,118.601445,73.0546234
r305,250.822971,96.4711238
r306,263.345173,415.620951
r307,134.12283,339.689565
r308,78.123226,407.150241
r309,116.787424,419.585446
r310,113.671749,240.465983
r311,65.8747011,68.0470059
r312,275.040233,342.349199
r313,159.256823,154.210191
r314,62.3379213,177.163746
r315,90.825678,201.720843
r316,263.320179,178.898031
r317,111.243138,81.4037321
r318,196.77238,284.095086
r319,256.256915,357.600675
r320,277.79099,257.141743
r321,143.279973,155.300834
r322,134.506461,226.739466
r323,74.0581349,416.154637
r324,107.153607,426.938682
r325,175.557333,258.961297
r326,264.433481,361.662455
r327,126.016035,362.023039
r328,242.081723,392.056473
r329,213.378211,435.11487
r330,220.176637,217.569889
r331,261.757229,293.989073
r332,40.5707456,132.483086
r333,78.5031796,400.863458
r334,135.825508,429.630964
r335,202.076699,285.044171
r336,155.289284,316.714873
r337,168.118907,67.4295579
r338,116.068038,142.709977
r339,235.541822,253.753312
r340,110.132685,256.276131
r341,138.191702,360.738605
r342,61.8203938,152.497636
r343,231.663193,328.851182
r344,126.34846,274.244728
r345,49.7170184,221.010174
r346,49.8607216,401.584319
r347,269.064217,86.9010218
r348,129.601899,172.848118
r349,233.54072,351.215507
r350,258.414162,269.577035
r351,145.618291,115.47983
r352,178.320761,326.283852
r353,57.6802708,84.2331826
r354,79.5105747,161.204814
r355,217.573786,344.102726
r356,154.170643,59.0642864
r357,204.525029,85.7057451
r358,268.363586,215.403763
r359,159.391477,290.540796
r360,152.92015,122.826364
r361,174.446068,250.464494
r362,196.602429,386.383171
r363,107.09764,78.6628572
r364,275.177821,237.571793
r365,194.527386,409.994595
r366,179.818825,223.006052
r367,187.809046,156.195449
r368,262.033671,63.9965288
r369,133.605495,411.668971
r370,109.100724,102.111884
r371,61.7766315,173.300223
r372,117.288137,325.858713
r373,221.984827,158.703064
r374,65.0591031,218.391687
r375,210.466685,244.768752
r376,271.954572,141.394561
r377,88.3578943,191.26314
r378,66.0372771,69.044979
r379,53.2965229,191.491997
r380,239.133644,452.851246
r381,179.487462,119.826433
r382,152.82217,406.194801
r383,127.603389,87.2855245
r384,107.229911,121.517317
r385,183.931805,346.665764
r386,236.456707,153.504118
r387,63.4797473,128.226378
r388,271.285486,284.664386
r389,80.4967464,75.4228461
r390,60.6600174,238.200457
r391,246.690567,168.427601
r392,165.949744,414.095086
r393,197.63461,128.86549
r394,95.0846495,258.830768
r395,213.094248,45.9477938
r396,157.780095,261.262969
r397,271.661342,201.930873
r398,257.666195,40.6442165
r399,172.300127,277.88106
r400,58.1437839,228.086887
r401,45.4480027,298.671932
r402,163.177487,61.0895596
r403,191.374276,314.152776
r404,140.50519,175.665291
r405,251.023827,106.5495
r406,65.9168975,128.987199
r407,275.266887,196.372472
r408,103.591992,322.948963
r409,60.2266056,105.790278
r410,132.617722,209.581954
r411,69.9749985,150.28088
r412,179.573013,186.831723
r413,97.6359059,87.5314074
r414,213.253093,163.215346
r415,75.0228858,95.486967
r416,76.6813049,232.443782
r417,102.213441,348.95781
r418,226.692702,62.6166458
r419,142.351912,204.89641
r420,54.4116007,393.452301
r421,67.5598089,207.109136
r422,155.861655,231.675447
r423,275.00166,442.421058
r424,234.764029,365.875477
r425,170.299076,240.221611
r426,57.3681009,453.519286
r427,151.956459,164.156947
r428,121.577355,116.162554
r429,205.580465,364.472988
r430,163.397769,405.703532
r431,163.581524,171.475879
r432,170.923445,423.991307
r433,147.389759,424.345986
r434,60.1323617,379.14933
r435,263.232086,188.191541
r436,43.9475647,323.7407
r437,139.382176,152.936695
r438,94.4742624,442.246736
r439,63.913741,90.9788295
r440,155.90173,175.649311
r441,196.030881,304.090217
r442,261.119147,141.610388
r443,127.024434,430.073062
r444,245.232398,288.976622
r445,112.217476,191.585017
r446,151.758982,295.510481
r447,74.2553596,293.316301
r448,233.852558,410.02135
r449,199.793832,304.833928
r450,54.8658352,403.666489
r451,143.422136,427.456265
r452,135.24522,278.887092
r453,207.26962,353.578449
r454,198.236716,204.624524
r455,137.76417,99.4252258
r456,113.660853,436.94985
r457,101.225763,142.031497
r458,201.416357,49.3431854
r459,254.654424,135.67361
r460,242.976677,139.316461
r461,134.296446,273.642346
r462,58.9721296,318.336496
r463,238.821534,249.338625
r464,57.494038,88.5407898
r465,67.5430426,310.286833
r466,193.596225,303.403199
r467,116.935888,147.301695
r468,85.2998863,139.016998
r469,134.519114,188.398431
r470,246.886244,169.02597
r471,123.498738,363.720218
r472,40.3441356,135.928287
r473,258.708269,233.33787
r474,268.413628,391.97116
r475,157.820556,147.714263
r476,151.276412,233.357239
r477,183.153291,390.392048
r478,257.45223,178.713311
r479,81.520283,252.261315
r480,228.611458,364.100196
r481,95.9042523,115.471171
r482,178.49157,456.956105
r483,241.810488,441.662069
r484,71.7289064,257.25936
r485,255.013885,90.9808658
r486,148.032962,276.483567
r487,254.594209,55.7303707
r488,99.6508433,440.711811
r489,60.0868705,45.0926661
r490,51.6738579,282.186153
r491,275.155808,351.857313
r492,156.200258,119.240243
r493,242.894328,164.771383
r494,139.910465,227.734394
r495,157.44221,204.406171
r496,83.9890762,315.958221
r497,222.198752,297.858656
r498,113.234393,346.099242
r499,79.7627793,174.582504
r500,47.8741943,100.562595
r501,72.76125,62.6426199
r502,82.5127387,441.140223
r503,164.694508,50.752395
r504,234.668988,426.720518
r505,67.686883,193.999193
r506,254.421229,333.32487
r507,178.084691,279.127986
r508,75.1773746,159.284677
r509,256.673391,44.7753659
r510,100.720593,216.976248
r511,76.1434241,298.002847
r512,224.451318,41.9972562
r513,95.2295995,318.711704
r514,113.295839,88.5743142
r515,164.456707,418.963724
r516,120.30392,82.4194917
r517,77.0643924,277.474492
r518,103.928696,145.601303
r519,124.181108,284.102278
r520,178.830011,440.059956
r521,234.064431,345.457097
r522,263.984876,209.920514
r523,240.127201,246.79305
r524,70.4806659,322.298947
r525,195.868948,236.657536
r526,205.684398,164.211649
r527,47.6907579,269.39038
r528,260.917396,348.710761
r529,154.832533,364.077964
r530,103.964939,382.045156
r531,245.562572,179.913986
r532,94.9951547,414.322718
r533,230.06725,169.655427
r534,195.225966,333.48289
r535,141.840326,121.259464
r536,62.8163843,450.217192
r537,40.8322489,111.018884
r538,167.472081,111.579221
r539,165.833708,303.79797
r540,91.1645331,348.362125
r541,212.063699,434.427562
r542,270.722458,362.684409
r543,164.383984,109.849206
r544,81.8867254,157.723965
r545,175.009632,218.611596
r546,222.221961,391.663269
r547,200.073121,103.631985
r548,93.9695016,319.658587
r549,123.003943,383.595163
r550,116.759622,322.919678
r551,257.175615,197.70031
r552,87.8076112,411.421108
r553,203.431124,279.833736
r554,73.0042621,237.378062
r555,65.6787249,307.158007
r556,62.286255,351.051139
r557,259.947749,101.268591
r558,106.494505,210.689378
r559,252.590531,232.481531
r560,225.487516,274.462904
r561,230.812297,212.069778
r562,89.3616623,459.21021
r563,51.5663975,355.115523
r564,49.3158235,119.148562
r565,108.297791,85.671742
r566,123.71436,352.40224
r567,216.988798,88.3323974
r568,100.399259,459.084543
r569,164.184881,366.811305
r570,222.266733,211.436877
r571,192.660287,156.857986
r572,88.9457645,441.812266
r573,278.330868,146.903442
r574,40.0972104,90.4446055
r575,89.576806,268.895836
r576,192.166742,322.881944
r577,44.1500381,197.219869
r578,46.4165131,101.788684
r579,185.881743,446.982519
r580,176.929925,69.0794537
r581,99.0048035,293.002705
r582,260.686021,121.844707
r583,201.331888,276.953018
r584,194.908105,101.992898
r585,89.9885091,386.118889
r586,155.348257,178.400882
r587,276.76446,239.961589
r588,278.348763,119.709104
r589,148.185769,258.163387
r590,211.563709,247.938436
r591,115.974787,99.4986747
r592,240.085015,356.377928
r593,144.15414,44.5884282
r594,279.038142,114.744021
r595,233.394691,87.7440224
r596,156.69812,265.415274
r597,169.30528,269.078281
r598,121.849578,48.7870726
r599,52.4837451,103.307628
r600,150.093547,273.66176
r601,159.557582,356.901706
r602,107.863414,317.763624
r603,226.34682,361.63577
r604,112.924663,99.9936544
r605,163.732284,286.138467
r606,154.708186,337.052916
r607,224.524534,216.438866
r608,79.3429254,456.176814
r609,146.025796,76.1276273
r610,165.617841,270.628436
r611,154.460605,199.047486
r612,165.914389,202.842622
r613,204.454779,176.629921
r614,124.430085,458.511773
r615,241.511508,353.4914
r616,261.259286,367.511783
r617,65.5143091,419.961428
r618,89.5669403,320.024498
r619,156.794299,330.56802
r620,117.717286,437.349159
r621,153.211342,94.4315957
r622,180.66124,439.237976
r623,93.748003,440.108337
r624,216.167133,76.8981243
r625,76.1161838,394.411501
r626,207.412808,357.991559
r627,103.385897,287.142726
r628,142.351581,168.101073
r629,213.120058,45.7435192
r630,153.87321,175.740807
r631,121.260871,111.355332
r632,97.7421133,131.879653
r633,91.9023227,238.519187
r634,98.0939486,43.3725092
r635,175.577122,366.240379
r636,211.016341,372.396921
r637,65.9431835,89.9880468
r638,164.57821,121.322689
r639,244.525683,459.722415
r640,211.511666,419.357188
r641,115.355604,42.2374836
r642,67.7961142,343.991686
r643,178.000976,210.831625
r644,239.529261,49.6257462
r645,164.881542,206.992243
r646,206.562647,114.565274
r647,159.976957,146.490074
r648,124.998496,423.730799
r649,271.552998,197.444048
r650,261.342701,165.901362
r651,89.1022496,363.851931
r652,269.176704,46.0130002
r653,249.75828,120.211365
r654,207.36276,459.708552
r655,163.022508,47.8263206
r656,155.395964,341.510113
r657,88.4322215,265.688358
r658,64.055045,204.415835
r659,153.42133,249.695078
r660,114.923116,455.769079
r661,225.375833,247.804973
r662,256.25776,450.205045
r663,120.455028,354.127665
r664,237.746619,327.492059
r665,92.8078864,247.793741
r666,223.869697,62.8972653
r667,174.569884,368.078544
r668,141.629329,185.441763
r669,241.256749,49.3142183
r670,108.956941,301.565308
r671,152.972968,94.4411784
r672,227.402688,115.536251
r673,59.852041,307.279648
r674,134.684212,110.867592
r675,62.9587378,192.074555
r676,71.9999766,132.788292
r677,93.0702827,387.597469
r678,105.78869,41.5299508
r679,111.77422,106.156669
r680,129.948825,433.625792
r681,157.948598,361.483654
r682,250.86463,385.085936
r683,219.695159,145.756459
r684,269.244646,89.3734038
r685,119.660851,95.7951438
r686,237.799071,216.13121
r687,71.839692,193.666454
r688,69.9272449,100.804845
r689,214.746331,258.337369
r690,171.620999,353.231959
r691,186.044179,86.1089413
r692,69.5072081,195.23304
r693,250.344328,133.42138
r694,242.163716,416.729068
r695,51.0970752,84.6664886
r696,209.684399,392.379827
r697,168.349853,395.055198
r698,266.909736,51.3049388
r699,258.887195,361.446247
r700,149.434844,155.426601
r701,223.724915,103.383303
r702,161.210699,81.4530639
r703,88.6116359,338.76888
r704,212.113293,231.611405
r705,224.338471,207.637554
r706,209.530491,298.700278
r707,85.9897927,95.7634461
r708,111.495952,73.8694749
r709,118.031504,318.541707
r710,177.250296,373.287178
r711,251.797966,196.813903
r712,250.50481,375.532603
r713,132.604609,380.460008
r714,217.065317,403.138848
r715,231.116647,217.554943
r716,213.798751,80.2663159
r717,132.505261,410.689533
r718,111.556548,161.241323
r719,53.7930766,168.145453
r720,201.686311,382.764173
r721,87.5180625,286.493131
r722,190.025896,318.349874
r723,73.1638817,310.655743
r724,129.538845,135.873299
r725,115.38156,296.166055
r726,235.644376,244.264332
r727,128.396343,283.608037
r728,145.51459,381.322244
r729,145.373927,247.822418
r730,184.438789,74.453958
r731,136.937665,234.795968
r732,269.996387,291.316147
r733,272.984311,423.828931
r734,259.486726,60.170404
r735,59.88969,383.600062
r736,154.446307,76.8108274
r737,121.392464,153.806536
r738,201.624595,395.913087
r739,192.756627,425.857599
r740,246.226747,74.4574171
r741,267.588262,274.177286
r742,177.752096,57.9462512
r743,168.464573,149.573424
r744,266.006666,118.944984
r745,254.165237,278.315214
r746,138.473521,67.5862298
r747,52.0073794,223.77039
r748,226.784631,272.303063
r749,262.230734,266.884333
r750,130.59453,146.886946
r751,98.7810387,109.375064
r752,61.032618,345.668053
r753,133.866039,126.586301
r754,83.8147421,286.315521
r755,72.0699483,423.689311
r756,101.791099,126.925972
r757,172.779291,389.363206
r758,75.5366264,169.741673
r759,271.095238,119.137442
r760,266.685491,257.956781
r761,278.148591,117.294961
r762,209.490537,134.196806
r763,73.7868054,442.186057
r764,42.1558298,121.10802
r765,204.758929,448.186103
r766,203.492366,430.903319
r767,260.202612,131.785849
r768,138.021091,190.885779
r769,141.385454,80.4905295
r770,168.95682,404.269176
r771,139.275151,458.172313
r772,63.434718,280.287945
r773,131.264234,288.140171
r774,87.5201386,334.139322
r775,214.005814,281.110086
r776,42.6421698,108.578209
r777,260.525862,262.744819
r778,256.054896,249.665627
r779,220.996927,426.3868
r780,268.461236,230.060863
r781,190.140902,218.071557
r782,197.428125,72.359349
r783,131.530148,429.663987
r784,55.7453525,171.497609
r785,205.811404,213.325752
r786,70.5961282,205.810064
r787,109.916444,331.174163
r788,191.733014,288.720986
r789,133.605759,103.287988
r790,56.9021584,183.818158
r791,247.257503,278.426063
r792,132.44565,359.174526
r793,200.982432,411.72521
r794,45.0871125,350.255992
r795,182.854903,222.741759
r796,106.297879,48.59654
r797,135.790457,418.068092
r798,74.9957031,92.5160752
r799,237.779615,458.658625
r800,73.6983718,67.1415981
r801,258.171404,387.291399
r802,255.981955,189.520993
r803,86.1638209,208.768462
r804,167.749663,446.176469
r805,165.309938,266.140543
r806,78.4805754,304.793633
r807,164.696084,179.511105
r808,93.8808422,83.2270776
r809,107.562878,453.835165
r810,160.885019,321.151309
r811,78.1505557,40.6486048
r812,260.951377,193.672592
r813,159.76707,263.538525
r814,187.682579,273.235563
r815,218.54341,268.41698
r816,188.036371,270.900645
r817,263.233851,285.49477
r818,59.2908319,66.3313613
r819,46.7490859,65.0479617
r820,169.966832,416.888185
r821,97.8886165,285.9472
r822,194.761005,386.475172
r823,130.656832,281.260558
r824,51.2448848,180.852279
r825,51.5537198,416.284962
r826,271.082246,68.9180163
r827,94.3520201,333.871065
r828,42.7344567,62.9707445
r829,92.4341532,404.422281
r830,53.4250165,385.621055
r831,96.3933152,111.045902
r832,136.647105,382.689149
r833,43.4330647,229.208774
r834,126.82316,145.8359
r835,180.279938,281.93101
r836,185.390497,327.125991
r837,103.292467,295.054454
r838,202.035682,322.561594
r839,264.593492,142.4377
r840,40.8619375,440.228114
r841,228.873082,430.79018
r842,233.663955,333.815277
r843,57.5292123,153.5453
r844,176.079833,448.808381
r845,169.405803,62.3566423
r846,73.0420372,291.458938
r847,106.319836,315.662092
r848,124.442442,364.519343
r849,235.073257,353.669674
r850,81.1699235,393.474508
r851,165.078902,387.528011
r852,223.509482,236.920759
r853,109.301355,112.24327
r854,144.826796,452.843403
r855,200.668182,208.821359
r856,48.8617077,361.787849
r857,174.555124,78.6471294
r858,263.771977,416.070755
r859,144.309398,376.36902
r860,264.695828,304.321808
r861,274.792631,307.10573
r862,202.422949,418.764623
r863,111.584535,384.223262
r864,89.9808147,249.552432
r865,116.535143,345.968866
r866,245.049992,368.001448
r867,54.6543776,154.132334
r868,83.6910653,340.123997
r869,156.120784,279.941587
r870,121.188058,414.428616
r871,235.207048,51.8310477
r872,248.903795,325.179117
r873,44.5987069,330.849569
r874,237.939564,279.836854
r875,136.304439,390.154943
r876,201.293989,163.819615
r877,68.4813317,120.046321
r878,154.341841,111.020118
r879,262.081591,46.8622579
r880,177.961442,88.1587586
r881,259.060379,66.8383885
r882,221.272462,378.286686
r883,191.439982,95.7881112
r884,230.660956,77.8963519
r885,261.651151,414.931543
r886,79.4725143,348.215034
r887,86.2921466,250.583419
r888,63.4342397,156.175529
r889,238.986255,85.3163681
r890,233.40735,395.751039
r891,107.024797,338.532522
r892,147.767099,378.205669
r893,190.21089,46.0952112
r894,129.02114,146.523005
r895,131.756548,209.026752
r896,259.47541,179.274279
r897,133.671461,404.188327
r898,56.8705023,113.492049
r899,209.801587,193.845334
r900,206.319235,51.6728236
r901,63.0753496,419.733837
r902,48.8567751,393.251923
r903,136.225629,444.753556
r904,42.7689341,298.704404
r905,176.293844,91.0033772
r906,266.787982,428.652983
r907,122.392523,92.3326083
r908,98.6795872,273.553405
r909,170.002475,115.700286
r910,68.2490507,455.081404
r911,129.978029,334.631235
r912,118.602668,146.971099
r913,267.32938,375.228612
r914,258.537979,197.203706
r915,222.986732,412.411855
r916,221.93798,97.3453951
r917,279.6378,419.305818
r918,179.296337,418.98622
r919,91.1882035,400.770131
r920,72.0524556,263.397055
r921,230.147756,387.062874
r922,275.657401,432.741334
r923,275.69171,277.25308
r924,70.106434,205.695809
r925,188.388435,118.637905
r926,245.964833,411.069816
r927,73.4530086,138.225417
r928,127.979325,436.617263
r929,77.7112545,316.450394
r930,147.48156,107.003595
r931,156.609899,440.623025
r932,268.04873,105.229469
r933,257.140931,441.517515
r934,265.639528,313.985425
r935,225.638377,51.3575486
r936,62.1306366,217.610005
r937,43.8984231,124.899241
r938,120.042301,300.41997
r939,98.0447422,427.26932
r940,230.096972,282.263776
r941,159.132889,100.328589
r942,163.330982,193.33561
r943,57.3764509,62.3900127
r944,122.833384,88.5377043
r945,221.517986,344.787252
r946,132.428571,110.621573
r947,41.6610496,442.548594
r948,212.425415,65.3929454
r949,173.67264,448.859264
r950,56.8198304,246.719425
r951,123.475967,335.226865
r952,139.121333,344.009092
r953,114.797248,360.936527
r954,217.016312,409.359347
r955,133.201668,339.162695
r956,188.661827,142.903357
r957,189.649904,246.969594
r958,232.578959,358.212477
r959,196.976305,40.156861
r960,203.068748,75.2100673
r961,138.581158,366.164789
r962,199.180754,163.279511
r963,46.5082666,186.082208
r964,235.822952,312.629405
r965,58.010267,394.366051
r966,256.23167,69.0113729
r967,56.9985363,151.442134
r968,85.869612,338.334523
r969,226.46302,61.4489119
r970,88.7520409,180.901946
r971,136.903483,415.261062
r972,147.083351,135.772535
r973,185.510913,280.225025
r974,178.346978,120.239001
r975,54.281624,459.90056
r976,83.8396204,250.77685
r977,111.069199,384.424995
r978,130.258981,307.581309
r979,211.143026,398.174886
r980,70.0356606,328.584425
r981,143.016024,366.555972
r982,47.2904892,101.593094
r983,149.000481,154.712713
r984,230.633951,149.376861
r985,153.106359,189.323098
r986,96.7335066,149.59089
r987,252.888404,399.263002
r988,70.2286684,348.640885
r989,104.634736,398.811296
r990,251.789955,348.408326
r991,220.124757,342.41847
r992,63.446306,453.002495
r993,235.736084,108.009493
r994,246.014327,361.795549
r995,68.1177519,440.667073
r996,72.975319,151.681019
r997,171.581679,76.0517794
r998,54.167116,136.148816
r999,158.92559,179.6204
r1000,41.7802055,439.755584